2385;ALDEA SAN GREGORIO;COLON;ENTRE RIOS
2395;ARROYO BARU;COLON;ENTRE RIOS
2398;ARROYO PALMAR ,EST.;COLON;ENTRE RIOS
2405;BERDUC ,EST.MARTINIANO LEGUIZAMON;COLON;ENTRE RIOS
2418;COLON;COLON;ENTRE RIOS
2428;COLONIA EL CARMEN;COLON;ENTRE RIOS
2432;COLONIA HAMBIS;COLON;ENTRE RIOS
2433;COLONIA HOCKER;COLON;ENTRE RIOS
2434;COLONIA HUGHES;COLON;ENTRE RIOS
10259;COLONIA IZQUIERDO;COLON;ENTRE RIOS
10172;COLONIA LA MATILDE;COLON;ENTRE RIOS
10148;COLONIA NUEVA AL SUR;COLON;ENTRE RIOS
10242;COLONIA SAN ANSELMO;COLON;ENTRE RIOS
10150;COLONIA SAN ANTONIO;COLON;ENTRE RIOS
2436;COLONIA SAN ERNESTO;COLON;ENTRE RIOS
2437;COLONIA SAN MIGUEL;COLON;ENTRE RIOS
10212;COLONIA SANTA ROSA;COLON;ENTRE RIOS
10247;COLONIA VILLA ELISA;COLON;ENTRE RIOS
10236;COLONIA YATAY;COLON;ENTRE RIOS
10146;CUARTO;COLON;ENTRE RIOS
10106;DTO. TERCERO;COLON;ENTRE RIOS
2450;EL BRILLANTE;COLON;ENTRE RIOS
2460;FABRICA COLON;COLON;ENTRE RIOS
2487;JUAN JORGE;COLON;ENTRE RIOS
2501;KILOMETRO 45 ,AP.;COLON;ENTRE RIOS
2504;LA CLARITA;COLON;ENTRE RIOS
10154;LA MATILDE;COLON;ENTRE RIOS
2526;LIEBIG;COLON;ENTRE RIOS
2546;PALMAR;COLON;ENTRE RIOS
2609;SAN JOSE;COLON;ENTRE RIOS
2580;SAN SALVADOR;COLON;ENTRE RIOS
2597;UBAJAY;COLON;ENTRE RIOS
10237;UBAJAY;COLON;ENTRE RIOS
2603;VILLA ELISA;COLON;ENTRE RIOS
10004;AYUI;CONCORDIA;ENTRE RIOS
2404;BENITO LEGEREN ,AP.;CONCORDIA;ENTRE RIOS
2410;CALABACILLAS;CONCORDIA;ENTRE RIOS
10270;CAMBA PASO;CONCORDIA;ENTRE RIOS
10287;COLONIA GENERAL ROCA;CONCORDIA;ENTRE RIOS
10005;COLONIA GENERAL URQUIZA;CONCORDIA;ENTRE RIOS
10006;COLONIA GRAL ROCA;CONCORDIA;ENTRE RIOS
2440;CONCORDIA;CONCORDIA;ENTRE RIOS
2452;EL GUALEGUAY ,AP.;CONCORDIA;ENTRE RIOS
2457;EL REDOMON;CONCORDIA;ENTRE RIOS
10205;ESTACION YERUÀ;CONCORDIA;ENTRE RIOS
10206;ESTACION YERUÀ;CONCORDIA;ENTRE RIOS
10191;ESTANCIA GRANDE;CONCORDIA;ENTRE RIOS
2497;KILOMETRO 33 ,AP.;CONCORDIA;ENTRE RIOS
2505;LA CRIOLLA;CONCORDIA;ENTRE RIOS
2507;LA GRANJA;CONCORDIA;ENTRE RIOS
2512;LA QUERENCIA;CONCORDIA;ENTRE RIOS
2523;LEDESMA, CLODOMIRO;CONCORDIA;ENTRE RIOS
2527;LOS CHARRUAS;CONCORDIA;ENTRE RIOS
2530;MAGNASCO, OSVALDO;CONCORDIA;ENTRE RIOS
2542;NUEVA ESCOCIA;CONCORDIA;ENTRE RIOS
10001;PASO DE GALLO;CONCORDIA;ENTRE RIOS
2554;PEDERNAL;CONCORDIA;ENTRE RIOS
2562;PUEBLO FERRE;CONCORDIA;ENTRE RIOS
10002;PUENTE QUEBRACHO;CONCORDIA;ENTRE RIOS
10003;PUENTE ROBLEDO;CONCORDIA;ENTRE RIOS
2613;VILLA ZORRAQUIN;CONCORDIA;ENTRE RIOS
2615;YAROS;CONCORDIA;ENTRE RIOS
2616;YERUA;CONCORDIA;ENTRE RIOS
2618;YUQUERI;CONCORDIA;ENTRE RIOS
2380;ALDEA BRASILERA;DIAMANTE;ENTRE RIOS
10251;ALDEA GRAPSCHENTAL;DIAMANTE;ENTRE RIOS
10008;ALDEA JACOBI;DIAMANTE;ENTRE RIOS
2383;ALDEA PROTESTANTE;DIAMANTE;ENTRE RIOS
10014;ALDEA SALTO;DIAMANTE;ENTRE RIOS
2388;ALDEA SPATZENKUTTER;DIAMANTE;ENTRE RIOS
2389;ALDEA VALLE MARIA;DIAMANTE;ENTRE RIOS
2403;BELGRANO;DIAMANTE;ENTRE RIOS
2411;CAMPS;DIAMANTE;ENTRE RIOS
10011;COLONIA ENSAYO;DIAMANTE;ENTRE RIOS
2442;COSTA GRANDE;DIAMANTE;ENTRE RIOS
2446;DIAMANTE;DIAMANTE;ENTRE RIOS
10220;ESTACION CAMPS;DIAMANTE;ENTRE RIOS
2468;GENERAL ALVEAR;DIAMANTE;ENTRE RIOS
2472;GENERAL RACEDO;DIAMANTE;ENTRE RIOS
2473;GENERAL RAMIREZ ,EST.RAMIREZ;DIAMANTE;ENTRE RIOS
10007;ISLETAS;DIAMANTE;ENTRE RIOS
2516;LAS CUEVAS;DIAMANTE;ENTRE RIOS
10282;LIBERTADOR SAN MARTIN;DIAMANTE;ENTRE RIOS
10010;LOS ALAMOS;DIAMANTE;ENTRE RIOS
10009;MORENO;DIAMANTE;ENTRE RIOS
10012;PARACAO;DIAMANTE;ENTRE RIOS
10015;PUEBLO EL CARMEN;DIAMANTE;ENTRE RIOS
2568;PUIGGARI;DIAMANTE;ENTRE RIOS
10285;RACEDO;DIAMANTE;ENTRE RIOS
10160;RUTA 11 KM 24,5;DIAMANTE;ENTRE RIOS
10013;SANATORIO FIDANZA;DIAMANTE;ENTRE RIOS
2590;STROBEL;DIAMANTE;ENTRE RIOS
10016;VILLA LIBERTADOR SAN MARTIN;DIAMANTE;ENTRE RIOS
10021;ATENCIO AL ESTE;FEDERACION;ENTRE RIOS
2415;CHAJARI;FEDERACION;ENTRE RIOS
2419;COLONIA ARGENTINA;FEDERACION;ENTRE RIOS
2421;COLONIA ARRUABARRENA;FEDERACION;ENTRE RIOS
2431;COLONIA ENSANCHE SAUCE;FEDERACION;ENTRE RIOS
2462;FEDERACION;FEDERACION;ENTRE RIOS
2465;FORTUNA;FEDERACION;ENTRE RIOS
10022;GUALEGUAYCITO;FEDERACION;ENTRE RIOS
2528;LOS CONQUISTADORES;FEDERACION;ENTRE RIOS
2531;MANDISOVI;FEDERACION;ENTRE RIOS
10280;SAN PEDRO;FEDERACION;ENTRE RIOS
2579;SAN RAMON;FEDERACION;ENTRE RIOS
2582;SANTA ANA;FEDERACION;ENTRE RIOS
10020;TATUTI;FEDERACION;ENTRE RIOS
2601;VILLA DEL ROSARIO;FEDERACION;ENTRE RIOS
10080;ACHIRAS;FEDERAL;ENTRE RIOS
10030;BANDERAS;FEDERAL;ENTRE RIOS
10256;CALLE 1 DE MAYO CASI RUTA 5;FEDERAL;ENTRE RIOS
2416;CHAÑAR;FEDERAL;ENTRE RIOS
10276;CHAÑAR;FEDERAL;ENTRE RIOS
10174;COLONIA FEDERAL;FEDERAL;ENTRE RIOS
10194;COLONIA SAN RAMON;FEDERAL;ENTRE RIOS
10195;COLONIA SAN RAMON;FEDERAL;ENTRE RIOS
2441;CONSCRIPTO BERNARDI;FEDERAL;ENTRE RIOS
10081;DIEGO LOPEZ;FEDERAL;ENTRE RIOS
2448;DON GONZALO ,AP.;FEDERAL;ENTRE RIOS
2451;EL CIMARRON;FEDERAL;ENTRE RIOS
2453;EL MOCHO ,AP.;FEDERAL;ENTRE RIOS
2454;EL PAGO ,AP.;FEDERAL;ENTRE RIOS
10216;ESCUELA 11;FEDERAL;ENTRE RIOS
10254;ESTABLECIMIENTO EL HERVIDERO RUTA 127 KM 21 DIEGO LOPEZ;FEDERAL;ENTRE RIOS
2463;FEDERAL;FEDERAL;ENTRE RIOS
10025;FRANCISCO RAMIREZ;FEDERAL;ENTRE RIOS
2503;LA CALANDRIA;FEDERAL;ENTRE RIOS
2513;LA VIRGEN ,AP.;FEDERAL;ENTRE RIOS
10233;LAS MARIAS;FEDERAL;ENTRE RIOS
2534;MIÑONES;FEDERAL;ENTRE RIOS
2540;MOREIRA;FEDERAL;ENTRE RIOS
2543;NUEVA VIZCAYA;FEDERAL;ENTRE RIOS
2585;SAUCE DE LUNA;FEDERAL;ENTRE RIOS
2594;TENIENTE 1° BRIGIDO CAINZO ,AP.;FEDERAL;ENTRE RIOS
2400;ATENCIO;FELICIANO;ENTRE RIOS
10031;BASUALDO;FELICIANO;ENTRE RIOS
10258;CHAÑAR;FELICIANO;ENTRE RIOS
10224;DISTRITO CHAÑAR;FELICIANO;ENTRE RIOS
10126;FELICIANO;FELICIANO;ENTRE RIOS
2466;GARAT, JUAN ,EST.GARAT;FELICIANO;ENTRE RIOS
2506;LA ESMERALDA;FELICIANO;ENTRE RIOS
2508;LA HIERRA;FELICIANO;ENTRE RIOS
2521;LAS MULITAS;FELICIANO;ENTRE RIOS
10225;LAS MULITAS;FELICIANO;ENTRE RIOS
10032;MANANTIALES;FELICIANO;ENTRE RIOS
2547;PALO A PIQUE;FELICIANO;ENTRE RIOS
2575;SAN JAIME;FELICIANO;ENTRE RIOS
2577;SAN JOSE DE FELICIANO;FELICIANO;ENTRE RIOS
2581;SAN VICTOR;FELICIANO;ENTRE RIOS
10110;SAN VICTOR;FELICIANO;ENTRE RIOS
10047;1º CUCHILLA;GUALEGUAY;ENTRE RIOS
10037;ALBARDON;GUALEGUAY;ENTRE RIOS
2379;ALDEA ASUNCION;GUALEGUAY;ENTRE RIOS
10033;CLE;GUALEGUAY;ENTRE RIOS
10034;COSTA DE NOGOYA;GUALEGUAY;ENTRE RIOS
2470;GENERAL GALARZA;GUALEGUAY;ENTRE RIOS
2476;GONZALEZ CALDERON;GUALEGUAY;ENTRE RIOS
2478;GUALEGUAY;GUALEGUAY;ENTRE RIOS
10036;ISLAS DE LAS LECHIGUANAS;GUALEGUAY;ENTRE RIOS
10038;JACINTA;GUALEGUAY;ENTRE RIOS
2522;LAZO;GUALEGUAY;ENTRE RIOS
10035;MEDANOS;GUALEGUAY;ENTRE RIOS
10203;PRIMER DISTRITO;GUALEGUAY;ENTRE RIOS
10204;PRIMER DISTRITO;GUALEGUAY;ENTRE RIOS
10234;QUINTO DISTRITO;GUALEGUAY;ENTRE RIOS
10235;QUINTO DISTRITO;GUALEGUAY;ENTRE RIOS
10184;S/N;GUALEGUAY;ENTRE RIOS
10202;SEXTO DISTRITO;GUALEGUAY;ENTRE RIOS
2596;TRES BOCAS;GUALEGUAY;ENTRE RIOS
10039;VIZCACHAS;GUALEGUAY;ENTRE RIOS
10232;2 HERMANAS;GUALEGUAYCHU;ENTRE RIOS
10043;ALARCON;GUALEGUAYCHU;ENTRE RIOS
2384;ALDEA SAN ANTONIO;GUALEGUAYCHU;ENTRE RIOS
2386;ALDEA SAN JUAN;GUALEGUAYCHU;ENTRE RIOS
10144;ALMADA;GUALEGUAYCHU;ENTRE RIOS
2406;BERISSO ,EMB.;GUALEGUAYCHU;ENTRE RIOS
2412;CARBO, ENRIQUE;GUALEGUAYCHU;ENTRE RIOS
2427;COLONIA DELTA;GUALEGUAYCHU;ENTRE RIOS
10162;COSTA SAN ANTONIO;GUALEGUAYCHU;ENTRE RIOS
10041;COSTA URUGUAY NORTE;GUALEGUAYCHU;ENTRE RIOS
10042;COSTA URUGUAY SUR;GUALEGUAYCHU;ENTRE RIOS
2444;CUCHILLA REDONDA;GUALEGUAYCHU;ENTRE RIOS
10197;CUCHILLA REDONDA;GUALEGUAYCHU;ENTRE RIOS
10198;CUCHILLA REDONDA;GUALEGUAYCHU;ENTRE RIOS
10044;DOS HERMANAS;GUALEGUAYCHU;ENTRE RIOS
2458;ESCRIÑA;GUALEGUAYCHU;ENTRE RIOS
2464;FERNANDEZ ,EMB.;GUALEGUAYCHU;ENTRE RIOS
2467;GENERAL ALMADA;GUALEGUAYCHU;ENTRE RIOS
2474;GILBERT;GUALEGUAYCHU;ENTRE RIOS
2479;GUALEGUAYCHU;GUALEGUAYCHU;ENTRE RIOS
2484;HOLT ,EST;GUALEGUAYCHU;ENTRE RIOS
2486;IRAZUSTA;GUALEGUAYCHU;ENTRE RIOS
2498;KILOMETRO 340 ,PDA.;GUALEGUAYCHU;ENTRE RIOS
2499;KILOMETRO 361 ,EMB.;GUALEGUAYCHU;ENTRE RIOS
2500;KILOMETRO 389 ,AP.;GUALEGUAYCHU;ENTRE RIOS
2502;LA ARGENTINA;GUALEGUAYCHU;ENTRE RIOS
10093;LA VERBENA;GUALEGUAYCHU;ENTRE RIOS
2515;LARROQUE;GUALEGUAYCHU;ENTRE RIOS
10159;LARROQUE;GUALEGUAYCHU;ENTRE RIOS
2519;LAS MERCEDES;GUALEGUAYCHU;ENTRE RIOS
10167;LAS MERCEDES;GUALEGUAYCHU;ENTRE RIOS
2532;MAZARUCA;GUALEGUAYCHU;ENTRE RIOS
2533;MEDANOS;GUALEGUAYCHU;ENTRE RIOS
2545;PALAVECINO;GUALEGUAYCHU;ENTRE RIOS
2549;PARANACITO ,EST.LIB.GRL.SAN MARTIN;GUALEGUAYCHU;ENTRE RIOS
2550;PARERA, FAUSTINO M.;GUALEGUAYCHU;ENTRE RIOS
2553;PASTOR BRITOS;GUALEGUAYCHU;ENTRE RIOS
10201;PEHUAJO;GUALEGUAYCHU;ENTRE RIOS
10040;PEHUAJO AL NORTE;GUALEGUAYCHU;ENTRE RIOS
10045;PEHUAJO AL SUR;GUALEGUAYCHU;ENTRE RIOS
2555;PERDICES;GUALEGUAYCHU;ENTRE RIOS
10271;PUEBLO BELGRANO;GUALEGUAYCHU;ENTRE RIOS
2566;PUERTO IBICUY;GUALEGUAYCHU;ENTRE RIOS
2567;PUERTO UNZUE;GUALEGUAYCHU;ENTRE RIOS
10257;RINCON DEL GATO;GUALEGUAYCHU;ENTRE RIOS
10207;TALITA;GUALEGUAYCHU;ENTRE RIOS
10210;TALITA;GUALEGUAYCHU;ENTRE RIOS
10046;TALITAS;GUALEGUAYCHU;ENTRE RIOS
2598;URDINARRAIN;GUALEGUAYCHU;ENTRE RIOS
2607;VILLA NUEVA MONTEVIDEO;GUALEGUAYCHU;ENTRE RIOS
2608;VILLA PARANACITO;GUALEGUAYCHU;ENTRE RIOS
10208;ÑANCAY;ISLAS DEL IBICUY;ENTRE RIOS
10265;ÑANCAY;ISLAS DEL IBICUY;ENTRE RIOS
10222;ARROYO MARTINEZ;ISLAS DEL IBICUY;ENTRE RIOS
10243;CEIBAS;ISLAS DEL IBICUY;ENTRE RIOS
10244;HOLT IBICUY;ISLAS DEL IBICUY;ENTRE RIOS
10051;IBICUY;ISLAS DEL IBICUY;ENTRE RIOS
10053;ISLAS DEL IBICUY;ISLAS DEL IBICUY;ENTRE RIOS
10052;MEDANOS;ISLAS DEL IBICUY;ENTRE RIOS
10050;PARANACITO;ISLAS DEL IBICUY;ENTRE RIOS
10129;ALCARAZ 1º;LA PAZ;ENTRE RIOS
10130;ALCARAZ 2º;LA PAZ;ENTRE RIOS
2409;BOVRIL;LA PAZ;ENTRE RIOS
2422;COLONIA AVIGDOR;LA PAZ;ENTRE RIOS
2424;COLONIA BUENA VISTA;LA PAZ;ENTRE RIOS
10283;COLONIA LA PROVIDENCIA;LA PAZ;ENTRE RIOS
10263;COLONIA OFICIAL SAUCESITO;LA PAZ;ENTRE RIOS
10180;CORRAL REDONDO;LA PAZ;ENTRE RIOS
10140;DISTRITO FELICIANO;LA PAZ;ENTRE RIOS
10135;EJIDO ESTE LA PAZ;LA PAZ;ENTRE RIOS
10132;EJIDO NORTE LA PAZ;LA PAZ;ENTRE RIOS
10133;EJIDO OESTE LA PAZ;LA PAZ;ENTRE RIOS
10131;EJIDO SUR LA PAZ;LA PAZ;ENTRE RIOS
10103;EL MAMFREDO;LA PAZ;ENTRE RIOS
10264;EL SAUCE;LA PAZ;ENTRE RIOS
10240;EL SOLAR;LA PAZ;ENTRE RIOS
2459;ESTACAS;LA PAZ;ENTRE RIOS
10104;FELICIANO;LA PAZ;ENTRE RIOS
10153;FELICIANO;LA PAZ;ENTRE RIOS
2489;KILOMETRO 160 ,AP.;LA PAZ;ENTRE RIOS
2510;LA PAZ;LA PAZ;ENTRE RIOS
10125;LA PAZ;LA PAZ;ENTRE RIOS
10229;LAS TOSCAS;LA PAZ;ENTRE RIOS
2524;LEGUIZAMON;LA PAZ;ENTRE RIOS
2538;MONTIEL;LA PAZ;ENTRE RIOS
10127;OMBU;LA PAZ;ENTRE RIOS
2556;PIEDRAS BLANCAS;LA PAZ;ENTRE RIOS
2557;PILOTO AVILA;LA PAZ;ENTRE RIOS
2558;PRIMER CONGRESO ,AP.;LA PAZ;ENTRE RIOS
2560;PUEBLO ARRUA ,EST.ALCARAZ;LA PAZ;ENTRE RIOS
2574;SAN GUSTAVO;LA PAZ;ENTRE RIOS
2584;SANTA ELENA;LA PAZ;ENTRE RIOS
10088;TACUARAS;LA PAZ;ENTRE RIOS
2593;TALITAS ,AP.;LA PAZ;ENTRE RIOS
10128;YACARE;LA PAZ;ENTRE RIOS
2617;YESO;LA PAZ;ENTRE RIOS
10143;ZONA RURAL ;LA PAZ;ENTRE RIOS
2376;20 DE SEPTIEMBRE;NOGOYA;ENTRE RIOS
2390;ALGARROBITOS;NOGOYA;ENTRE RIOS
10267;ALGARROBITOS 1°;NOGOYA;ENTRE RIOS
10268;ALGARROBITOS 2°;NOGOYA;ENTRE RIOS
2394;ARANGUREN;NOGOYA;ENTRE RIOS
2407;BETBEDER;NOGOYA;ENTRE RIOS
10175;CHIQUEROS;NOGOYA;ENTRE RIOS
10095;CRUCECITA;NOGOYA;ENTRE RIOS
10217;CRUCECITA SEPTIMA;NOGOYA;ENTRE RIOS
10147;CRUCECITAS OCTAVA;NOGOYA;ENTRE RIOS
10188;CRUCESITAS TERCERA;NOGOYA;ENTRE RIOS
10138;DISTRITO SAUCE;NOGOYA;ENTRE RIOS
10094;DOLL;NOGOYA;ENTRE RIOS
2447;DON CRISTOBAL;NOGOYA;ENTRE RIOS
10158;EJIDO NORTE - NOGOYA;NOGOYA;ENTRE RIOS
10179;EJIDO OESTE NOGOYA;NOGOYA;ENTRE RIOS
10178;EJIDO SUR NOGOYA;NOGOYA;ENTRE RIOS
2461;FEBRE;NOGOYA;ENTRE RIOS
2477;GONZALEZ, LUCAS;NOGOYA;ENTRE RIOS
2482;HERNANDEZ;NOGOYA;ENTRE RIOS
2509;LA LLAVE;NOGOYA;ENTRE RIOS
10183;LAURENCENA;NOGOYA;ENTRE RIOS
10176;LUCAS GONZALEZ;NOGOYA;ENTRE RIOS
2541;NOGOYA;NOGOYA;ENTRE RIOS
10221;ZONA RURAL;NOGOYA;ENTRE RIOS
10260;ACCESO COL. LA GAMA;PARANA;ENTRE RIOS
2381;ALDEA CUESTA;PARANA;ENTRE RIOS
2382;ALDEA MARIA LUISA;PARANA;ENTRE RIOS
10090;ALDEA SAN RAFAEL;PARANA;ENTRE RIOS
2387;ALDEA SANTA MARIA;PARANA;ENTRE RIOS
10091;ALDEA SANTA ROSA;PARANA;ENTRE RIOS
10082;ANTONIO TOMAS;PARANA;ENTRE RIOS
2401;BAJADA GRANDE;PARANA;ENTRE RIOS
10092;BOCA DEL TIGRE;PARANA;ENTRE RIOS
2414;CERRITO ,EST.COLONIA CERRITO;PARANA;ENTRE RIOS
10279;COLONIA AVELLANEDA;PARANA;ENTRE RIOS
2426;COLONIA CENTENARIO ,AP.;PARANA;ENTRE RIOS
10097;COLONIA MEROU;PARANA;ENTRE RIOS
10168;COLONIA REFFINO;PARANA;ENTRE RIOS
10137;COLONIA SANTA LUISA;PARANA;ENTRE RIOS
2443;CRESPO;PARANA;ENTRE RIOS
2445;CURTIEMBRE;PARANA;ENTRE RIOS
10099;EJIDO CRESPO;PARANA;ENTRE RIOS
2455;EL PALENQUE ,AP.;PARANA;ENTRE RIOS
2456;EL PINGO;PARANA;ENTRE RIOS
10083;ESPINILLO;PARANA;ENTRE RIOS
10245;ESPINILLO NORTE;PARANA;ENTRE RIOS
10100;GDOR ETCHEVHERE;PARANA;ENTRE RIOS
2471;GENERAL GUEMES;PARANA;ENTRE RIOS
2481;HASENKAMP;PARANA;ENTRE RIOS
10284;HERNANDARIAZ;PARANA;ENTRE RIOS
10087;ISLAS DE PARANA;PARANA;ENTRE RIOS
2511;LA PICADA;PARANA;ENTRE RIOS
2517;LAS DELICIAS;PARANA;ENTRE RIOS
2518;LAS GARZAS;PARANA;ENTRE RIOS
10084;MARIA GRANDE;PARANA;ENTRE RIOS
10266;MARIA GRANDE PRIMERO;PARANA;ENTRE RIOS
10196;MARIA GRANDE SEGUNDA;PARANA;ENTRE RIOS
10136;MARIA GRANDE SEGUNDO;PARANA;ENTRE RIOS
2544;ORO VERDE;PARANA;ENTRE RIOS
2548;PARANA;PARANA;ENTRE RIOS
2551;PARERA, RAMONA A. ,EMB.;PARANA;ENTRE RIOS
10241;PASO DE LAS PIEDRAS;PARANA;ENTRE RIOS
2561;PUEBLO BRUGO;PARANA;ENTRE RIOS
2563;PUEBLO GENERAL PAZ;PARANA;ENTRE RIOS
2564;PUEBLO MORENO;PARANA;ENTRE RIOS
10085;QUEBRACHO;PARANA;ENTRE RIOS
2573;SAN BENITO;PARANA;ENTRE RIOS
10086;SAUCE;PARANA;ENTRE RIOS
2586;SAUCE PINTO;PARANA;ENTRE RIOS
10239;SAUCE PINTOS;PARANA;ENTRE RIOS
2587;SEGUI;PARANA;ENTRE RIOS
2589;SOSA;PARANA;ENTRE RIOS
2591;TABOSSI;PARANA;ENTRE RIOS
2595;TEZANOS PINTO;PARANA;ENTRE RIOS
2599;VIALE;PARANA;ENTRE RIOS
10098;VILLA FONTANA;PARANA;ENTRE RIOS
10286;VILLA GOB LUIS ETCHEVEHERE;PARANA;ENTRE RIOS
2604;VILLA HERNANDARIAS;PARANA;ENTRE RIOS
2606;VILLA MARIA GRANDE;PARANA;ENTRE RIOS
2612;VILLA URQUIZA;PARANA;ENTRE RIOS
10057;ARROYO GRANDE;SAN SALVADOR;ENTRE RIOS
10105;COLONIA BAYLINA;SAN SALVADOR;ENTRE RIOS
10056;GENERAL CAMPOS;SAN SALVADOR;ENTRE RIOS
10058;LAS COLONIAS;SAN SALVADOR;ENTRE RIOS
10152;RUTA 18 FM 211;SAN SALVADOR;ENTRE RIOS
10278;SAN SALVADOR;SAN SALVADOR;ENTRE RIOS
10145;VILLA CLARA;SAN SALVADOR;ENTRE RIOS
10055;WALTER MOSS;SAN SALVADOR;ENTRE RIOS
2377;ACHAGUE;TALA;ENTRE RIOS
2391;ALTAMIRANO NORTE;TALA;ENTRE RIOS
2392;ALTAMIRANO SUR;TALA;ENTRE RIOS
2396;ARROYO CLE;TALA;ENTRE RIOS
2449;DURAZNO;TALA;ENTRE RIOS
10199;GOBERNADOR ECHAGÜE;TALA;ENTRE RIOS
2475;GOBERNADOR MANSILLA;TALA;ENTRE RIOS
2480;GUARDAMONTE;TALA;ENTRE RIOS
2490;KILOMETRO 180 ,AP.;TALA;ENTRE RIOS
2491;KILOMETRO 183,AP.;TALA;ENTRE RIOS
2492;KILOMETRO 200 ,AP.;TALA;ENTRE RIOS
2494;KILOMETRO 213 ,AP.;TALA;ENTRE RIOS
2529;MACIA;TALA;ENTRE RIOS
10170;PUEBLO PRIMERO;TALA;ENTRE RIOS
10171;PUEBLO SEGUNDO;TALA;ENTRE RIOS
10060;RAICES NORTE;TALA;ENTRE RIOS
10061;RAICES SUR;TALA;ENTRE RIOS
2572;ROSARIO DE TALA ,EST.TALA;TALA;ENTRE RIOS
10062;SAUCE NORTE ;TALA;ENTRE RIOS
10063;SAUCE SUR;TALA;ENTRE RIOS
2588;SOLA;TALA;ENTRE RIOS
2375;1° DE MAYO;URUGUAY;ENTRE RIOS
10230;5º ENSANCHE;URUGUAY;ENTRE RIOS
2378;ALBERTO GERCHUNOF ,PDA.;URUGUAY;ENTRE RIOS
2399;ARROYO URQUIZA;URUGUAY;ENTRE RIOS
2402;BASAVILBASO;URUGUAY;ENTRE RIOS
10142;BELLA VISTA- KM 139 1/2.-;URUGUAY;ENTRE RIOS
2425;CASEROS;URUGUAY;ENTRE RIOS
10115;COLONIA CARMELO;URUGUAY;ENTRE RIOS
10187;COLONIA CENTENARIO;URUGUAY;ENTRE RIOS
10151;COLONIA CRUCESITA;URUGUAY;ENTRE RIOS
10157;COLONIA DOLORES;URUGUAY;ENTRE RIOS
10113;COLONIA EL PANTANOSO;URUGUAY;ENTRE RIOS
2429;COLONIA EL SAUCE;URUGUAY;ENTRE RIOS
2430;COLONIA ELIA;URUGUAY;ENTRE RIOS
10186;COLONIA LOS CEIBOS;URUGUAY;ENTRE RIOS
10185;COLONIA LOS CEIVOS;URUGUAY;ENTRE RIOS
10111;COLONIA OFICIAL N°6;URUGUAY;ENTRE RIOS
10228;COLONIA SAGASTUME;URUGUAY;ENTRE RIOS
10114;COLONIA TRES DE FEBRERO;URUGUAY;ENTRE RIOS
2439;CONCEPCION DEL URUGUAY;URUGUAY;ENTRE RIOS
10192;CUARTA SECCION ISLAS;URUGUAY;ENTRE RIOS
10064;GENA;URUGUAY;ENTRE RIOS
10065;GENACITO;URUGUAY;ENTRE RIOS
2483;HERRERA;URUGUAY;ENTRE RIOS
10069;ISLAS DE URUGUAY;URUGUAY;ENTRE RIOS
2493;KILOMETRO 208 ,AP.;URUGUAY;ENTRE RIOS
10155;LA TIGRERA;URUGUAY;ENTRE RIOS
2520;LAS MOSCAS;URUGUAY;ENTRE RIOS
2525;LIBAROS;URUGUAY;ENTRE RIOS
10066;MOLINO;URUGUAY;ENTRE RIOS
10181;MOSCAS;URUGUAY;ENTRE RIOS
10156;PARAJE LA TIGRERA;URUGUAY;ENTRE RIOS
10067;POTRERO;URUGUAY;ENTRE RIOS
2559;PRONUNCIAMIENTO;URUGUAY;ENTRE RIOS
2565;PUERTO CUPALEN;URUGUAY;ENTRE RIOS
2571;ROCAMORA;URUGUAY;ENTRE RIOS
10112;SAN CIPRIANO;URUGUAY;ENTRE RIOS
2578;SAN JUSTO;URUGUAY;ENTRE RIOS
2583;SANTA ANITA;URUGUAY;ENTRE RIOS
10068;TALA;URUGUAY;ENTRE RIOS
2592;TALITA;URUGUAY;ENTRE RIOS
2605;VILLA MANTERO;URUGUAY;ENTRE RIOS
10281;VILLA SAN JUSTO;URUGUAY;ENTRE RIOS
2611;VILLA SAN MARCIAL ,EST.GDR.URQUIZA;URUGUAY;ENTRE RIOS
2393;ANTELO;VICTORIA;ENTRE RIOS
10071;CHILCAS;VICTORIA;ENTRE RIOS
10070;CORRALES;VICTORIA;ENTRE RIOS
10072;HINOJAL;VICTORIA;ENTRE RIOS
10246;ISLA LOTE 11;VICTORIA;ENTRE RIOS
10277;ISLA LOTE 20;VICTORIA;ENTRE RIOS
10076;ISLAS DE VICTORIA ;VICTORIA;ENTRE RIOS
10238;LA COLMENA;VICTORIA;ENTRE RIOS
10190;LA HILDA;VICTORIA;ENTRE RIOS
10073;LAGUNA DEL PESCADO;VICTORIA;ENTRE RIOS
2539;MONTOYA;VICTORIA;ENTRE RIOS
10074;PAJONAL;VICTORIA;ENTRE RIOS
10075;QUEBRACHITOS;VICTORIA;ENTRE RIOS
2537;RINCON DEL DOLL;VICTORIA;ENTRE RIOS
2570;RINCON DEL NOGOYA;VICTORIA;ENTRE RIOS
10227;RINCON DEL NOGOYA;VICTORIA;ENTRE RIOS
2600;VICTORIA;VICTORIA;ENTRE RIOS
10209;VICTORIA;VICTORIA;ENTRE RIOS
10107;ALDEA SAN JORGE;VILLAGUAY;ENTRE RIOS
2397;ARROYO DEL MEDIO;VILLAGUAY;ENTRE RIOS
10077;BERGARA;VILLAGUAY;ENTRE RIOS
2417;CLARA;VILLAGUAY;ENTRE RIOS
2423;COLONIA BELEZ;VILLAGUAY;ENTRE RIOS
10109;COLONIA EJIDO NORTE;VILLAGUAY;ENTRE RIOS
2435;COLONIA NUEVA ALEMANIA;VILLAGUAY;ENTRE RIOS
2438;COLONIA SAN VICENTE;VILLAGUAY;ENTRE RIOS
10116;EJIDO - VILLAGUAY;VILLAGUAY;ENTRE RIOS
10124;EJIDO ESTE - VILLAGUAY;VILLAGUAY;ENTRE RIOS
10123;EJIDO NORTE - VILLAGUAY;VILLAGUAY;ENTRE RIOS
10122;EJIDO SUR - VILLAGUAY;VILLAGUAY;ENTRE RIOS
10096;ING. SAJAROFF;VILLAGUAY;ENTRE RIOS
2488;JUBILEO;VILLAGUAY;ENTRE RIOS
2495;KILOMETRO 306 ,AP.;VILLAGUAY;ENTRE RIOS
2496;KILOMETRO 325 ,AP.;VILLAGUAY;ENTRE RIOS
2514;LAGUNA LARGA;VILLAGUAY;ENTRE RIOS
10117;LAGUNA LARGA;VILLAGUAY;ENTRE RIOS
10078;LUCAS NORTE;VILLAGUAY;ENTRE RIOS
10189;LUCAS SUD;VILLAGUAY;ENTRE RIOS
10169;LUCAS SUD SEGUNDA;VILLAGUAY;ENTRE RIOS
10079;LUCAS SUR;VILLAGUAY;ENTRE RIOS
2535;MOJONES NORTE;VILLAGUAY;ENTRE RIOS
10108;MOJONES NORTE;VILLAGUAY;ENTRE RIOS
10163;MOJONES NORTE;VILLAGUAY;ENTRE RIOS
10119;MOJONES SUD 2º;VILLAGUAY;ENTRE RIOS
2536;MOJONES SUR;VILLAGUAY;ENTRE RIOS
10118;MOJONES SUR 1;VILLAGUAY;ENTRE RIOS
2552;PASO DE LA LAGUNA;VILLAGUAY;ENTRE RIOS
2569;RAICES;VILLAGUAY;ENTRE RIOS
10120;RAICES ESTE;VILLAGUAY;ENTRE RIOS
10121;RAICES OESTE;VILLAGUAY;ENTRE RIOS
2576;SAN JORGE;VILLAGUAY;ENTRE RIOS
2602;VILLA DOMINGUEZ ,EST.DOMINGUEZ;VILLAGUAY;ENTRE RIOS
2614;VILLAGUAY;VILLAGUAY;ENTRE RIOS
10272;VILLAGUAY;VILLAGUAY;ENTRE RIOS
10273;VILLAGUAY;VILLAGUAY;ENTRE RIOS
